{
  "installation_notes": [
    "1. Transfer this entire folder to Raspberry Pi",
    "2. Run: chmod +x install-offline.sh",
    "3. Run: sudo ./install-offline.sh",
    "4. Configure .env file as needed",
    "5. Start service: sudo systemctl start exit-gate"
  ],
  "bundle_size": "24.57 MB",
  "machine": "SBIHOITNB90",
  "node_version": "v20.11.0",
  "npm_version": "11.3.0",
  "created": "2025-06-29 13:42:30",
  "creator": "husni.mubarok",
  "app_name": "exit-gate-nodejs",
  "files_included": [
    "package.json",
    "package-lock.json",
    "server.js",
    ".env.example",
    "services",
    "routes",
    "public",
    "README.md",
    "SETUP.md",
    "IMPLEMENTATION.md",
    ".gitignore"
  ]
}
